{
  "service_name": "Müşteri Koruma",
  "service_category": "CRM Hizmetleri",
  "customer_trigger_message": "Merhaba müşteri koruma için yazmıştım",
  "bot_greeting": "Merhaba ben müşteri destek asistanı ARYA; Müşteri Koruma hizmeti için size yardımcı olacağım. Sizden sırasıyla şu bilgileri isteyeceğim.",
  "questions": [
    {
      "question": "Şirketinizin adı nedir?",
      "field_name": "sirket_adi",
      "field_type": "text"
    },
    {
      "question": "Mevcut müşteri sayınız nedir?",
      "field_name": "mevcut_musteri_sayisi",
      "field_type": "number"
    },
    {
      "question": "Aylık müşteri kaybı oranınız nedir?",
      "field_name": "musteri_kaybi_orani",
      "field_type": "text"
    },
    {
      "question": "Mevcut müşteri memnuniyet ölçümleriniz nelerdir?",
      "field_name": "memnuniyet_olcumleri",
      "field_type": "text"
    },
    {
      "question": "Müşteri şikayet yönetim süreçleriniz nelerdir?",
      "field_name": "sikayet_yonetim_surecleri",
      "field_type": "text"
    },
    {
      "question": "Sadakat programı uygulamanız var mı?",
      "field_name": "sadakat_programi",
      "field_type": "text"
    }
  ],
  "completion_message": "Tüm bilgilerinizi sisteme işledim. En kısa süre içerisinde size Müşteri Koruma hizmet teklifimizi ileteceğiz. İlginiz için teşekkür ederiz."
}