{
  "service_name": "Yurtiçi Ürün Araştırma",
  "service_category": "İthalat İhracat Hizmeti",
  "customer_trigger_message": "Merhaba yurtiçi ürün araştırması için yazmıştım",
  "bot_greeting": "Merhaba ben müşteri destek asistanı ARYA; Yurtiçi Ürün Araştırma hizmeti için size yardımcı olacağım. Sizden sırasıyla şu bilgileri isteyeceğim.",
  "questions": [
    {
      "question": "Şirketinizin adı nedir?",
      "field_name": "sirket_adi",
      "field_type": "text"
    },
    {
      "question": "Araştırmak istediğiniz ürün kategorisi nedir?",
      "field_name": "urun_kategorisi",
      "field_type": "text"
    },
    {
      "question": "Hedef pazar segmentiniz nedir?",
      "field_name": "hedef_pazar_segmenti",
      "field_type": "text"
    },
    {
      "question": "Rakip analizi dahil etmek istiyor musunuz?",
      "field_name": "rakip_analizi_dahil",
      "field_type": "text"
    },
    {
      "question": "Araştırma bütçeniz nedir?",
      "field_name": "arastirma_butcesi",
      "field_type": "text"
    }
  ],
  "completion_message": "Tüm bilgilerinizi sisteme işledim. En kısa süre içerisinde size Yurtiçi Ürün Araştırma teklifimizi ileteceğiz. İlginiz için teşekkür ederiz."
}