{
  "service_name": "Güvenlik Yönetimi",
  "service_category": "Siber Güvenlik Hizmetleri",
  "customer_trigger_message": "Merhaba güvenlik yönetimi için yazmıştım",
  "bot_greeting": "Merhaba ben müşteri destek asistanı ARYA; Güvenlik Yönetimi hizmeti için size yardımcı olacağım. Sizden sırasıyla şu bilgileri isteyeceğim.",
  "questions": [
    {
      "question": "Kurumunuzun adı nedir?",
      "field_name": "kurum_adi",
      "field_type": "text"
    },
    {
      "question": "Mevcut güvenlik politikalarınız var mı?",
      "field_name": "guvenlik_politikalari",
      "field_type": "text"
    },
    {
      "question": "Güvenlik olay yanıt süreçleriniz nelerdir?",
      "field_name": "olay_yanit_surecleri",
      "field_type": "text"
    },
    {
      "question": "Uyumluluk gereksinimleriniz nelerdir?",
      "field_name": "uyumluluk_gereksinimleri",
      "field_type": "text"
    },
    {
      "question": "Güvenlik metriği takip ihtiyaçlarınız nelerdir?",
      "field_name": "guvenlik_metrikleri",
      "field_type": "text"
    }
  ],
  "completion_message": "Tüm bilgilerinizi sisteme işledim. En kısa süre içerisinde size Güvenlik Yönetimi teklifimizi ileteceğiz. İlginiz için teşekkür ederiz."
}