{
  "service_name": "Kullanıcı Güvenliği",
  "service_category": "Siber Güvenlik Hizmetleri",
  "customer_trigger_message": "Merhaba kullanıcı güvenliği için yazmıştım",
  "bot_greeting": "Merhaba ben müşteri destek asistanı ARYA; Kullanıcı Güvenliği hizmeti için size yardımcı olacağım. Sizden sırasıyla şu bilgileri isteyeceğim.",
  "questions": [
    {
      "question": "Kurumunuzun adı nedir?",
      "field_name": "kurum_adi",
      "field_type": "text"
    },
    {
      "question": "Toplam kullanıcı sayınız nedir?",
      "field_name": "kullanici_sayisi",
      "field_type": "number"
    },
    {
      "question": "Mevcut kimlik doğrulama sisteminiz var mı?",
      "field_name": "kimlik_dogrulama",
      "field_type": "text"
    },
    {
      "question": "Kullanıcı eğitim ihtiyaçlarınız nelerdir?",
      "field_name": "egitim_ihtiyaclari",
      "field_type": "text"
    },
    {
      "question": "Uzaktan çalışan personel sayınız nedir?",
      "field_name": "uzaktan_calisan",
      "field_type": "number"
    }
  ],
  "completion_message": "Tüm bilgilerinizi sisteme işledim. En kısa süre içerisinde size Kullanıcı Güvenliği teklifimizi ileteceğiz. İlginiz için teşekkür ederiz."
}