{
  "service_name": "Yurtdışı Müşteri Araştırma",
  "service_category": "İthalat İhracat Hizmeti",
  "customer_trigger_message": "Merhaba yurtdışı müşteri araştırması için yazmıştım",
  "bot_greeting": "Merhaba ben müşteri destek asistanı ARYA; Yurtdışı Müşteri Araştırma hizmeti için size yardımcı olacağım. Sizden sırasıyla şu bilgileri isteyeceğim.",
  "questions": [
    {
      "question": "Şirketinizin adı nedir?",
      "field_name": "sirket_adi",
      "field_type": "text"
    },
    {
      "question": "Hedef ülke/ülkeler nelerdir?",
      "field_name": "hedef_ulkeler",
      "field_type": "text"
    },
    {
      "question": "İhracat yapmak istediğiniz ürün/hizmet nedir?",
      "field_name": "ihracat_urunu",
      "field_type": "text"
    },
    {
      "question": "Hedef pazar büyüklüğü beklentiniz nedir?",
      "field_name": "pazar_buyuklugu",
      "field_type": "text"
    },
    {
      "question": "Rakip analizi ihtiyacınız var mı?",
      "field_name": "rakip_analizi",
      "field_type": "text"
    }
  ],
  "completion_message": "Tüm bilgilerinizi sisteme işledim. En kısa süre içerisinde size Yurtdışı Müşteri Araştırma teklifimizi ileteceğiz. İlginiz için teşekkür ederiz."
}