{
  "service_name": "DASK",
  "service_category": "Sigorta Hizmetleri",
  "customer_trigger_message": "Merhaba DASK için yazmıştım",
  "bot_greeting": "Merhaba ben müşteri destek asistanı ARYA; DASK ürünü için size yardımcı olacağım. Sizden sırasıyla şu bilgileri isteyeceğim.",
  "questions": [
    {
      "question": "Konut sahibinin adı ve soyadı",
      "field_name": "isim_soyisim",
      "field_type": "text"
    },
    {
      "question": "Konut sahibinin TC Kimlik Numarası",
      "field_name": "tckn",
      "field_type": "number"
    },
    {
      "question": "Sigorta yapılacak konutun tam adresi",
      "field_name": "adres",
      "field_type": "text"
    },
    {
      "question": "Binanın yapım yılı",
      "field_name": "yapim_yili",
      "field_type": "number"
    },
    {
      "question": "Konutun metrekaresi",
      "field_name": "metrekare",
      "field_type": "number"
    },
    {
      "question": "Binanın kat sayısı",
      "field_name": "kat_sayisi",
      "field_type": "number"
    },
    {
      "question": "Konutun bulunduğu kat",
      "field_name": "bulundugu_kat",
      "field_type": "number"
    }
  ],
  "completion_message": "Tüm bilgilerinizi sisteme işledim. En kısa süre içerisinde size en uygun DASK fiyatlarını bildireceğim. Beklediğiniz için teşekkürler."
}