{
  "service_name": "Erkek Giyim",
  "service_category": "Tekstil Ürünleri",
  "customer_trigger_message": "Merhaba erkek giyim için yazmıştım",
  "bot_greeting": "Merhaba ben müşteri destek asistanı ARYA; Erkek Giyim ürünleri için size yardımcı olacağım. Sizden sırasıyla şu bilgileri isteyeceğim.",
  "questions": [
    {
      "question": "Ürün kategorisi nedir? (gömlek, pantolon, ceket, t-shirt vb.)",
      "field_name": "urun_kategorisi",
      "field_type": "text"
    },
    {
      "question": "Tahmini sipariş miktarı nedir? (adet)",
      "field_name": "siparis_miktari",
      "field_type": "number"
    },
    {
      "question": "Tercih ettiğiniz kumaş türü nedir?",
      "field_name": "kumas_turu",
      "field_type": "text"
    },
    {
      "question": "Beden aralığı tercihiniz nedir? (S, M, L, XL vb.)",
      "field_name": "beden_araligi",
      "field_type": "text"
    },
    {
      "question": "Renk tercihleriniz nelerdir?",
      "field_name": "renk_tercihleri",
      "field_type": "text"
    },
    {
      "question": "Özel tasarım veya baskı ihtiyacınız var mı?",
      "field_name": "ozel_tasarim",
      "field_type": "text"
    }
  ],
  "completion_message": "Tüm bilgilerinizi sisteme işledim. En kısa süre içerisinde size Erkek Giyim ürün tekliflerimizi ileteceğiz. İlginiz için teşekkür ederiz."
}