{
  "service_name": "Satılık Gayrimenkul",
  "service_category": "İnşaat Emlak Hizmetleri",
  "customer_trigger_message": "Merhaba satılık gayrimenkul için yazmıştım",
  "bot_greeting": "Merhaba ben müşteri destek asistanı ARYA; Satılık Gayrimenkul hizmeti için size yardımcı olacağım. Sizden sırasıyla şu bilgileri isteyeceğim.",
  "questions": [
    {
      "question": "İlgilendiğiniz gayrimenkul türü nedir? (konut, işyeri, arsa vb.)",
      "field_name": "gayrimenkul_turu",
      "field_type": "text"
    },
    {
      "question": "Tercih ettiğiniz şehir/bölge nedir?",
      "field_name": "tercih_edilen_bolge",
      "field_type": "text"
    },
    {
      "question": "Bütçe aralığınız nedir?",
      "field_name": "butce_araligi",
      "field_type": "text"
    },
    {
      "question": "Metrekare tercihiniz nedir?",
      "field_name": "metrekare_tercihi",
      "field_type": "text"
    },
    {
      "question": "Öncelikli özellikler nelerdir? (oda sayısı, banyo sayısı, bahçe vb.)",
      "field_name": "oncelikli_ozellikler",
      "field_type": "text"
    },
    {
      "question": "Acil satın alma durumunuz var mı?",
      "field_name": "acil_durum",
      "field_type": "text"
    }
  ],
  "completion_message": "Tüm bilgilerinizi sisteme işledim. En kısa süre içerisinde size uygun Satılık Gayrimenkul seçeneklerini ileteceğiz. İlginiz için teşekkür ederiz."
}