{
  "service_name": "Eğitim Talepleri",
  "service_category": "Siber Güvenlik Hizmetleri",
  "customer_trigger_message": "Merhaba siber güvenlik eğitimi için yazmıştım",
  "bot_greeting": "Merhaba ben müşteri destek asistanı ARYA; Siber Güvenlik Eğitim Talepleri hizmeti için size yardımcı olacağım. Sizden sırasıyla şu bilgileri isteyeceğim.",
  "questions": [
    {
      "question": "Kurumunuzun adı nedir?",
      "field_name": "kurum_adi",
      "field_type": "text"
    },
    {
      "question": "Eğitim alacak katılımcı sayısı nedir?",
      "field_name": "katilimci_sayisi",
      "field_type": "number"
    },
    {
      "question": "Hedef kitle nedir? (teknik personel, yönetici, genel kullanıcı)",
      "field_name": "hedef_kitlesi",
      "field_type": "text"
    },
    {
      "question": "İlgi alanı eğitim konuları nelerdir?",
      "field_name": "egitim_konulari",
      "field_type": "text"
    },
    {
      "question": "Tercih edilen eğitim formatı nedir? (online, yüz yüze, hibrit)",
      "field_name": "egitim_formati",
      "field_type": "text"
    }
  ],
  "completion_message": "Tüm bilgilerinizi sisteme işledim. En kısa süre içerisinde size Eğitim Talepleri teklifimizi ileteceğiz. İlginiz için teşekkür ederiz."
}