{
  "service_name": "İç Denetim Hizmeti",
  "service_category": "Profesyonel Denetleme",
  "customer_trigger_message": "Merhaba iç denetim hizmeti için yazmıştım",
  "bot_greeting": "Merhaba ben müşteri destek asistanı ARYA; İç Denetim Hizmeti için size yardımcı olacağım. Sizden sırasıyla şu bilgileri isteyeceğim.",
  "questions": [
    {
      "question": "Şirketinizin adı nedir?",
      "field_name": "sirket_adi",
      "field_type": "text"
    },
    {
      "question": "Şirketinizin sektörü nedir?",
      "field_name": "sektor",
      "field_type": "text"
    },
    {
      "question": "Çalışan sayınız nedir?",
      "field_name": "calisan_sayisi",
      "field_type": "number"
    },
    {
      "question": "Denetim kapsamındaki departmanlar nelerdir?",
      "field_name": "denetim_departmanlari",
      "field_type": "text"
    },
    {
      "question": "Öncelikli denetim alanlarınız nelerdir?",
      "field_name": "oncelikli_denetim_alanlari",
      "field_type": "text"
    },
    {
      "question": "Denetim zaman çizelgesi tercihiniz nedir?",
      "field_name": "denetim_zaman_cizelgesi",
      "field_type": "text"
    }
  ],
  "completion_message": "Tüm bilgilerinizi sisteme işledim. En kısa süre içerisinde size İç Denetim Hizmeti teklifimizi ileteceğiz. İlginiz için teşekkür ederiz."
}