{
  "service_name": "Teknoloji Danışmanlığı",
  "service_category": "Kurumsal Hizmetler",
  "customer_trigger_message": "Merhaba teknoloji danışmanlığı için yazmıştım",
  "bot_greeting": "Merhaba ben müşteri destek asistanı ARYA; Teknoloji Danışmanlığı hizmeti için size yardımcı olacağım. Sizden sırasıyla şu bilgileri isteyeceğim.",
  "questions": [
    {
      "question": "Şirketinizin adı nedir?",
      "field_name": "sirket_adi",
      "field_type": "text"
    },
    {
      "question": "Mevcut teknoloji altyapınız nedir?",
      "field_name": "teknoloji_altyapisi",
      "field_type": "text"
    },
    {
      "question": "Teknoloji danışmanlık ihtiyacınız nedir? (dijital dönüşüm, BT altyapı planlaması, sistem entegrasyonu vb.)",
      "field_name": "teknoloji_ihtiyaci",
      "field_type": "text"
    },
    {
      "question": "BT bütçeniz nedir?",
      "field_name": "bt_butcesi",
      "field_type": "text"
    },
    {
      "question": "Zaman çizelgesi tercihiniz nedir?",
      "field_name": "zaman_cizelgesi",
      "field_type": "text"
    }
  ],
  "completion_message": "Tüm bilgilerinizi sisteme işledim. En kısa süre içerisinde size Teknoloji Danışmanlığı teklifimizi ileteceğiz. İlginiz için teşekkür ederiz."
}