{
  "service_type": "ana_kategori_yonlendirme",
  "customer_trigger_phrases": [
    "kozmetik için yazdım",
    "kozmetik ürünleri",
    "kişisel bakım",
    "parfüm siparişi",
    "medikal kozmetik"
  ],
  "bot_greeting": "Merhaba ben müşteri destek asistanı ARYA; Kozmetik Ürünlerimiz için size yardımcı olacağım. Hangi kozmetik kategorisi ile ilgileniyorsunuz?",
  "category_options": [
    {
      "option_number": 1,
      "category_name": "Parfüm",
      "trigger_message": "Parfüm"
    },
    {
      "option_number": 2,
      "category_name": "Deodorant",
      "trigger_message": "Deodorant"
    },
    {
      "option_number": 3,
      "category_name": "Kişisel Bakım",
      "trigger_message": "Kişisel Bakım"
    },
    {
      "option_number": 4,
      "category_name": "Medikal Kozmetik",
      "trigger_message": "Medikal Kozmetik"
    }
  ],
  "completion_message": "Lütfen ilgilendiğiniz kozmetik kategorisinin numarasını yazın veya direkt olarak kategori adını belirtin."
}