{
  "service_name": "İşyeri Sigortası",
  "service_category": "Sigorta Hizmetleri",
  "customer_trigger_message": "Merhaba İşyeri Sigortası için yazmıştım",
  "bot_greeting": "Merhaba ben müşteri destek asistanı ARYA; İşyeri Sigortası ürünleri profesyonel danışmanlık ve ön ekspertiz istemektedir. İşyeri sigortası teklifinizi oluşturmak için sizi adresinizde ziyaret etmek isteriz.",
  "questions": [
    {
      "question": "Lütfen iletişim bilgilerinizi paylaşır mısınız? (Telefon numarası)",
      "field_name": "telefon_numarasi",
      "field_type": "phone"
    }
  ],
  "completion_message": "İletişim bilgileriniz alınmıştır. En kısa sürede sizi arayarak randevu oluşturacağız. İlginiz için teşekkür ederiz."
}