{
  "service_name": "Trafik Sigortası",
  "service_category": "Sigorta Hizmetleri",
  "customer_trigger_message": "Merhaba trafik sigortası için yazmıştım",
  "bot_greeting": "Merhaba ben müşteri destek asistanı ARYA; Trafik Sigortası ürünü için size yardımcı olacağım. Sizden sırasıyla şu bilgileri isteyeceğim.",
  "questions": [
    {
      "question": "Aracınızın ruhsat sahibinin adı ve soyadı",
      "field_name": "isim_soyisim",
      "field_type": "text"
    },
    {
      "question": "Ruhsat sahibinin TC Kimlik Numarası",
      "field_name": "tckn",
      "field_type": "number"
    },
    {
      "question": "Ruhsat sahibinin Doğum Tarihi. Gün/Ay/Yıl formatında",
      "field_name": "dogum_tarihi",
      "field_type": "date"
    },
    {
      "question": "Aracın Plakası",
      "field_name": "plaka",
      "field_type": "text"
    },
    {
      "question": "Ruhsatın seri numarası? AB 123456 şeklinde",
      "field_name": "ruhsat_seri_no",
      "field_type": "text"
    },
    {
      "question": "İndirim kampanyası kontrol etmek için ruhsat sahibinin mesleği nedir?",
      "field_name": "meslek",
      "field_type": "text"
    }
  ],
  "completion_message": "Tüm bilgilerinizi sisteme işledim. En kısa süre içerisinde size en uygun sigorta fiyatlarını bildireceğim. Beklediğiniz için teşekkürler."
}