{
  "service_name": "İnsan Kaynakları Danışmanlığı",
  "service_category": "Kurumsal Hizmetler",
  "customer_trigger_message": "Merhaba insan kaynakları danışmanlığı için yazmıştım",
  "bot_greeting": "Merhaba ben müşteri destek asistanı ARYA; İnsan Kaynakları Danışmanlığı hizmeti için size yardımcı olacağım. Sizden sırasıyla şu bilgileri isteyeceğim.",
  "questions": [
    {
      "question": "Şirketinizin adı nedir?",
      "field_name": "sirket_adi",
      "field_type": "text"
    },
    {
      "question": "Çalışan sayınız nedir?",
      "field_name": "calisan_sayisi",
      "field_type": "number"
    },
    {
      "question": "İK danışmanlık ihtiyacınız nedir? (personel seçimi, performans yönetimi, eğitim vb.)",
      "field_name": "ik_ihtiyaci",
      "field_type": "text"
    },
    {
      "question": "Öncelikli hedefleriniz nelerdir?",
      "field_name": "oncelikli_hedefler",
      "field_type": "text"
    },
    {
      "question": "Bütçe aralığınız nedir?",
      "field_name": "butce_araligi",
      "field_type": "text"
    }
  ],
  "completion_message": "Tüm bilgilerinizi sisteme işledim. En kısa süre içerisinde size İnsan Kaynakları Danışmanlığı teklifimizi ileteceğiz. İlginiz için teşekkür ederiz."
}