{
  "service_name": "Kurumsal İletişim Danışmanlığı",
  "service_category": "Kurumsal Hizmetler",
  "customer_trigger_message": "Merhaba kurumsal iletişim danışmanlığı için yazmıştım",
  "bot_greeting": "Merhaba ben müşteri destek asistanı ARYA; Kurumsal İletişim Danışmanlığı hizmeti için size yardımcı olacağım. Sizden sırasıyla şu bilgileri isteyeceğim.",
  "questions": [
    {
      "question": "Şirketinizin adı nedir?",
      "field_name": "sirket_adi",
      "field_type": "text"
    },
    {
      "question": "Sektörünüz nedir?",
      "field_name": "sektor",
      "field_type": "text"
    },
    {
      "question": "İletişim danışmanlık ihtiyacınız nedir? (marka yönetimi, halkla ilişkiler, kriz iletişimi vb.)",
      "field_name": "iletisim_ihtiyaci",
      "field_type": "text"
    },
    {
      "question": "Hedef kitleniz kimlerdir?",
      "field_name": "hedef_kitle",
      "field_type": "text"
    },
    {
      "question": "Mevcut iletişim kanallarınız nelerdir?",
      "field_name": "mevcut_kanallar",
      "field_type": "text"
    }
  ],
  "completion_message": "Tüm bilgilerinizi sisteme işledim. En kısa süre içerisinde size Kurumsal İletişim Danışmanlığı teklifimizi ileteceğiz. İlginiz için teşekkür ederiz."
}