{
  "service_name": "Stratejik Planlama Danışmanlığı",
  "service_category": "Kurumsal Hizmetler",
  "customer_trigger_message": "Merhaba stratejik planlama danışmanlığı için yazmıştım",
  "bot_greeting": "Merhaba ben müşteri destek asistanı ARYA; Stratejik Planlama Danışmanlığı hizmeti için size yardımcı olacağım. Sizden sırasıyla şu bilgileri isteyeceğim.",
  "questions": [
    {
      "question": "Şirketinizin adı nedir?",
      "field_name": "sirket_adi",
      "field_type": "text"
    },
    {
      "question": "Şirketinizin sektörü nedir?",
      "field_name": "sektor",
      "field_type": "text"
    },
    {
      "question": "Stratejik planlama ihtiyacınız nedir? (SWOT analizi, pazar araştırması, büyüme stratejisi vb.)",
      "field_name": "strateji_ihtiyaci",
      "field_type": "text"
    },
    {
      "question": "Planlama dönemi nedir?",
      "field_name": "planlama_donemi",
      "field_type": "text"
    },
    {
      "question": "Mevcut pazar payınız nedir?",
      "field_name": "pazar_payi",
      "field_type": "text"
    }
  ],
  "completion_message": "Tüm bilgilerinizi sisteme işledim. En kısa süre içerisinde size Stratejik Planlama Danışmanlığı teklifimizi ileteceğiz. İlginiz için teşekkür ederiz."
}