{
  "service_name": "Yasal Danışmanlık",
  "service_category": "Kurumsal Hizmetler",
  "customer_trigger_message": "Merhaba yasal danışmanlık için yazmıştım",
  "bot_greeting": "Merhaba ben müşteri destek asistanı ARYA; Yasal Danışmanlık hizmeti için size yardımcı olacağım. Sizden sırasıyla şu bilgileri isteyeceğim.",
  "questions": [
    {
      "question": "Şirketinizin adı nedir?",
      "field_name": "sirket_adi",
      "field_type": "text"
    },
    {
      "question": "Şirket türünüz nedir? (Limited, A.Ş., Şahıs Şirketi vb.)",
      "field_name": "sirket_turu",
      "field_type": "text"
    },
    {
      "question": "Yasal danışmanlık ihtiyacınız nedir? (sözleşme yönetimi, uyumluluk denetimi, iş hukuku vb.)",
      "field_name": "yasal_ihtiyac",
      "field_type": "text"
    },
    {
      "question": "Aciliyet durumu nedir?",
      "field_name": "aciliyet_durumu",
      "field_type": "text"
    },
    {
      "question": "Önceden yaşadığınız yasal sorunlar var mı?",
      "field_name": "oncesi_yasal_sorunlar",
      "field_type": "text"
    }
  ],
  "completion_message": "Tüm bilgilerinizi sisteme işledim. En kısa süre içerisinde size Yasal Danışmanlık teklifimizi ileteceğiz. İlginiz için teşekkür ederiz."
}