{
  "service_name": "Ev Tekstil Ürünleri",
  "service_category": "Tekstil Ürünleri",
  "customer_trigger_message": "Merhaba ev tekstil ürünleri için yazmıştım",
  "bot_greeting": "Merhaba ben müşteri destek asistanı ARYA; Ev Tekstil Ürünleri için size yardımcı olacağım. Sizden sırasıyla şu bilgileri isteyeceğim.",
  "questions": [
    {
      "question": "Ürün kategorisi nedir? (çarşaf, yastık kılıfı, nevresim, havlu, perde vb.)",
      "field_name": "urun_kategorisi",
      "field_type": "text"
    },
    {
      "question": "Tahmini sipariş miktarı nedir? (adet/takım)",
      "field_name": "siparis_miktari",
      "field_type": "number"
    },
    {
      "question": "Kumaş türü tercihiniz nedir? (pamuk, keten, polar vb.)",
      "field_name": "kumas_turu",
      "field_type": "text"
    },
    {
      "question": "Ebat tercihleriniz nelerdir?",
      "field_name": "ebat_tercihleri",
      "field_type": "text"
    },
    {
      "question": "Renk ve desen tercihleriniz nelerdir?",
      "field_name": "renk_desen_tercihleri",
      "field_type": "text"
    },
    {
      "question": "Özel paketleme veya logo baskı ihtiyacınız var mı?",
      "field_name": "ozel_paketleme",
      "field_type": "text"
    }
  ],
  "completion_message": "Tüm bilgilerinizi sisteme işledim. En kısa süre içerisinde size Ev Tekstil Ürünleri tekliflerimizi ileteceğiz. İlginiz için teşekkür ederiz."
}